Workbook

Sheet Read me
A1: Close agent question log
A2: Every question the close agent was asked: the problem behind it, what it answered, who it asked when the data couldn't settle it, what they said, and whether it worked.
A4: Tab | B4: What it holds
A5: Log | B5: One row per question. Filter by area, status or Worked?. Green = solved, red = didn't work, amber = waiting on an owner.
A6: Summary | B6: Counts by area (formulas on the Log tab): how many questions, how many the agent answered alone, how many needed an owner, how many worked.
A7: Decisions | B7: Owner answers that settle something. Read these before the next close: they are the standing rules.
A8: Trail | B8: Every event in order: asked, answered, escalated, owner answered, reminder, outcome.
A10: Status | B10: Meaning
A11: answered | B11: The agent answered from the data. Waiting for the asker to confirm it worked.
A12: waiting_on_owner | B12: The agent tagged an owner and is waiting for their reply.
A13: owner_answered | B13: The owner replied. Waiting for the asker to confirm it worked.
A14: closed | B14: The asker confirmed it solved the problem.
A16: Why escalated | B16: Meaning
A17: judgment_call | B17: A policy or accounting choice the data can't make (LOGIC_REVIEW.md assumptions).
... A22: data_not_available | B22: The close doesn't have the data to answer.

Sheet Summary
A1: Area | B1: Questions | C1: Agent answered alone | D1: Needed an owner | E1: Waiting on owner | F1: Worked | G1: Didn't work | H1: Pending | I1: Solved rate
A2: billing | B2: =COUNTIFS(Log!$H$2:$H$6,"billing") -> 3 | C2: =COUNTIFS(Log!$H$2:$H$6,"billing",Log!$M$2:$M$6,"") -> 1 | D2: =B2-C2 -> 2 | E2: =COUNTIFS(Log!$H$2:$H$6,"billing",Log!$L$2:$L$6,"waiting_on_owner") -> 0 | F2: =COUNTIFS(Log!$H$2:$H$6,"billing",Log!$U$2:$U$6,"yes") -> 3 | G2: =COUNTIFS(Log!$H$2:$H$6,"billing",Log!$U$2:$U$6,"no") -> 0 | H2: =COUNTIFS(Log!$H$2:$H$6,"billing",Log!$U$2:$U$6,"pending") -> 0 | I2: =IF(F2+G2=0,"",F2/(F2+G2)) -> 1
A3: gateways | B3: =COUNTIFS(Log!$H$2:$H$6,"gateways") -> 1 | C3: =COUNTIFS(Log!$H$2:$H$6,"gateways",Log!$M$2:$M$6,"") -> 0 | D3: =B3-C3 -> 1 | E3: =COUNTIFS(Log!$H$2:$H$6,"gateways",Log!$L$2:$L$6,"waiting_on_owner") -> 1 | F3: =COUNTIFS(Log!$H$2:$H$6,"gateways",Log!$U$2:$U$6,"yes") -> 0 | G3: =COUNTIFS(Log!$H$2:$H$6,"gateways",Log!$U$2:$U$6,"no") -> 1 | H3: =COUNTIFS(Log!$H$2:$H$6,"gateways",Log!$U$2:$U$6,"pending") -> 0 | I3: =IF(F3+G3=0,"",F3/(F3+G3)) -> 0
A4: revenue_accounting | B4: =COUNTIFS(Log!$H$2:$H$6,"revenue_accounting") -> 1 | C4: =COUNTIFS(Log!$H$2:$H$6,"revenue_accounting",Log!$M$2:$M$6,"") -> 1 | D4: =B4-C4 -> 0 | E4: =COUNTIFS(Log!$H$2:$H$6,"revenue_accounting",Log!$L$2:$L$6,"waiting_on_owner") -> 0 | F4: =COUNTIFS(Log!$H$2:$H$6,"revenue_accounting",Log!$U$2:$U$6,"yes") -> 1 | G4: =COUNTIFS(Log!$H$2:$H$6,"revenue_accounting",Log!$U$2:$U$6,"no") -> 0 | H4: =COUNTIFS(Log!$H$2:$H$6,"revenue_accounting",Log!$U$2:$U$6,"pending") -> 0 | I4: =IF(F4+G4=0,"",F4/(F4+G4)) -> 1
A5: Total | B5: =SUM(B2:B4) -> 5 | C5: =SUM(C2:C4) -> 2 | D5: =SUM(D2:D4) -> 3 | E5: =SUM(E2:E4) -> 1 | F5: =SUM(F2:F4) -> 4 | G5: =SUM(G2:G4) -> 1 | H5: =SUM(H2:H4) -> 0 | I5: =IF(F5+G5=0,"",F5/(F5+G5)) -> 0.8
A7: Solved rate = worked / (worked + didn't work). Pending answers are left out until the asker reacts.

Sheet Log
A1: Question ID | B1: Opened (UTC) | C1: Close month | D1: Asked by | E1: Channel | F1: Slack thread | G1: Question | H1: Area | I1: Problem that came up | J1: Agent's answer | K1: Evidence (query / cell) | L1: Status | M1: Asked (owner) | N1: Why it was escalated | O1: What the owner was asked | P1: Owner's answer | Q1: Answered by | R1: Answered (UTC) | S1: Decision / what changes | T1: Change type | U1: Worked? | V1: Outcome note | W1: Closed (UTC) | X1: Related to
A2: Q-0001 | B2: 2026-10-02 20:18:41 | C2: 2027-02 | D2: Maya (FP&A) <@U0MAYA> | E2: #finance-close | F2: open thread | G2: What was net revenue in February, and what's driving the change from January? | H2: revenue_accounting | I2: Month-on-month revenue bridge for the close memo | J2: Feb net revenue $247.7k vs $233.3k in Jan (+6.2%). Tokens rose 7.0% (5,648B to 6,040B). Enterprise true-ups fell $1.0k as Meridian Legal and others used more of their commitments. | K2: monthly_summary (sql/30_core.sql); Summary!B8 = Monthly!H33 = SUM of Monthly segment rows, from Data_Monthly | L2: closed | U2: yes | V2: Maya (FP&A) reacted :white_check_mark: | W2: 2026-10-02 20:18:41
A3: Q-0002 | B3: 2026-10-02 20:18:41 | C3: 2027-02 | D3: Maya (FP&A) <@U0MAYA> | E3: #finance-close | F3: open thread | G3: Check 6 flagged Meridian Legal for January. Is the invoice wrong or the contract? | H3: billing | I3: Invoice unit price doesn't match the contract price (check 6, Jan 2027) | J3: Jan invoice at $0.042/M vs contract $0.0336/M: usage line $1,459 too high, true-up $1,459 too low, total still $12,500 (commitment floor). | L3: closed | M3: Dev (billing) <@U0DEV>; Ana (GTM) <@U0ANA> | N3: sources_disagree | O3: Was Meridian's contract amended in January, or is $0.0336/M still the price? | P3: Contract price is right. Stripe reset Meridian to list price in the Jan 3 plan migration; fixed from Feb. Total is right, so no credit note; Jan invoice will be reissued with the correct usage / true-up split. | Q3: Dev (billing) <@U0DEV> | R3: 2026-10-02 20:18:41 | S3: Reissue Jan invoice INV-202701-02022: usage $5,834.68 + true-up $6,665.32 = $12,500. Check 6 Jan FLAG explained. Ask billing to check other accounts migrated on Jan 3. | T3: billing_correction | U3: yes | V3: Maya (FP&A) reacted :white_check_mark: | W3: 2026-10-02 20:18:41
A4: Q-0003 | B4: 2026-10-02 20:18:41 | C4: 2027-02 | D4: Maya (FP&A) <@U0MAYA> | E4: #finance-close | F4: open thread | G4: OpenRouter's January statement is 2.6% below our logs. Do we book their number or ours? | H4: gateways | I4: Gateway statement vs our logs (check 8, OpenRouter Jan 2027) | J4: Jan statement -2.6% vs our logs; Dec and Feb tie. | L4: waiting_on_owner | M4: Sam (partnerships) <@U0SAM> | N4: contradicts_prior_decision | O4: The cut-off explanation doesn't fit the data: Jan is short 8.18B tokens, 8 hours of our volume is ~3.4B, and Feb ties exactly instead of being over. Can you ask OpenRouter for their January daily totals so we can find the missing days? | P4: Book our logs. OpenRouter cuts months at UTC midnight; we close in Pacific time, so ~8 hours of Jan 31 fall into their February. | Q4: Sam (partnerships) <@U0SAM> | R4: 2026-10-02 20:18:41 | S4: Book January from our logs ($13,219 gross). Gap explained as a month cut-off difference. | T4: explanation_only | U4: no | V4: Cut-off explanation doesn't fit: Jan statement is 8.18B short, 8 hours is ~3.4B, and Feb ties at 0.00B instead of being over.
A5: Q-0004 | B5: 2026-10-02 20:18:41 | C5: 2027-02 | D5: Leo (engineering) <@U0LEO> | E5: #finance-close | F5: open thread | G5: If a call times out (408), do we bill it? | H5: billing | I5: Billable status rules, ahead of a retry change | J5: The close bills only 200s. Feb logs have no 408s (only 200, 429, 529). | L5: closed | M5: Dev (billing) <@U0DEV> | N5: judgment_call | O5: Are 408 timeouts billed? The close bills only status 200 (billing.billable_statuses), and Feb logs show only 200, 429 and 529, so there's no data on 408s. | P5: No. Only 200s reach the billing meter; timeouts and 5xx are never billed. | Q5: Dev (billing) <@U0DEV> | R5: 2026-10-02 20:18:41 | S5: Confirms billing.billable_statuses = [200]. LOGIC_REVIEW assumption 2 confirmed by billing. | T5: none | U5: yes | V5: Leo (engineering) reacted :white_check_mark: | W5: 2026-10-02 20:18:41
A6: Q-0005 | B6: 2026-10-02 20:18:41 | C6: 2027-02 | D6: Ana (GTM) <@U0ANA> | E6: #finance-close | F6: open thread | G6: Meridian is asking about their January invoice. Was it wrong? | H6: billing | I6: Customer asking about January invoice | J6: Yes, the split was wrong but the total was right. Billing is reissuing INV-202701-02022 (usage $5,834.68 + true-up $6,665.32 = $12,500). See Q-0002. | K6: Q-0002, owner answer from Dev (billing) | L6: closed | U6: yes | V6: Ana (GTM) reacted :white_check_mark: | W6: 2026-10-02 20:18:41 | X6: Q-0002

Sheet Decisions
A1: Question ID | B1: Close month | C1: Area | D1: Question | E1: Owner's answer | F1: Answered by | G1: Decision / what changes | H1: Change type | I1: Worked?
A2: Q-0002 | B2: 2027-02 | C2: billing | D2: Check 6 flagged Meridian Legal for January. Is the invoice wrong or the contract? | E2: Contract price is right. Stripe reset Meridian to list price in the Jan 3 plan migration; fixed from Feb. Total is right, so no credit note; Jan invoice will be reissued with the correct usage / true-up split. | F2: Dev (billing) <@U0DEV> | G2: Reissue Jan invoice INV-202701-02022: usage $5,834.68 + true-up $6,665.32 = $12,500. Check 6 Jan FLAG explained. Ask billing to check other accounts migrated on Jan 3. | H2: billing_correction | I2: yes
A3: Q-0003 | B3: 2027-02 | C3: gateways | D3: OpenRouter's January statement is 2.6% below our logs. Do we book their number or ours? | E3: Book our logs. OpenRouter cuts months at UTC midnight; we close in Pacific time, so ~8 hours of Jan 31 fall into their February. | F3: Sam (partnerships) <@U0SAM> | G3: Book January from our logs ($13,219 gross). Gap explained as a month cut-off difference. | H3: explanation_only | I3: no
A4: Q-0004 | B4: 2027-02 | C4: billing | D4: If a call times out (408), do we bill it? | E4: No. Only 200s reach the billing meter; timeouts and 5xx are never billed. | F4: Dev (billing) <@U0DEV> | G4: Confirms billing.billable_statuses = [200]. LOGIC_REVIEW assumption 2 confirmed by billing. | H4: none | I4: yes

Sheet Trail
A1: When (UTC) | B1: Question | C1: Who | D1: What happened | E1: Detail
A2: 2026-10-02 20:18:41 | B2: Q-0001 | C2: Maya (FP&A) <@U0MAYA> | D2: asked | E2: What was net revenue in February, and what's driving the change from January?
A3: 2026-10-02 20:18:41 | B3: Q-0001 | C3: agent | D3: agent answered | E3: agent_answer: Feb net revenue $247.7k vs $233.3k in Jan (+6.2%). Tokens rose 7.0% (5,648B to 6,040B). Enterprise true-ups fell $1.0k as Meridian Legal and others used more of their commitments. ; evidence: monthly_summary (sql/30_core.sql); Summary!B8 = Monthly!H33 = SUM of Monthly segment rows, from Data_Monthly
A4: 2026-10-02 20:18:41 | B4: Q-0001 | C4: Maya (FP&A) <@U0MAYA> | D4: outcome: yes | E4: worked: yes; worked_note: Maya (FP&A) reacted :white_check_mark:; closed_at: 2026-10-02 20:18:41
A5: 2026-10-02 20:18:41 | B5: Q-0002 | C5: Maya (FP&A) <@U0MAYA> | D5: asked | E5: Check 6 flagged Meridian Legal for January. Is the invoice wrong or the contract?
A6: 2026-10-02 20:18:41 | B6: Q-0002 | C6: agent | D6: asked Dev (billing) | E6: area: billing; escalation_reason: sources_disagree; escalation_question: Meridian's Jan invoice used list $0.042/M; the contract (C-206) says $0.0336/M from Dec 15, and Dec and Feb invoices used $0.0336. Was January billed at the wrong price?; escalated_to: Dev (billing) <@U0DEV>; agent_answer: Jan invoice at $0.042/M vs contract $0.0336/M: usage line $1,459 too high, true-up $1,459 too low, total still $12,500 (commitment floor).
A7: 2026-10-02 20:18:41 | B7: Q-0002 | C7: agent | D7: asked Ana (GTM) | E7: area: billing; escalation_reason: sources_disagree; escalation_question: Was Meridian's contract amended in January, or is $0.0336/M still the price?; escalated_to: Dev (billing) <@U0DEV>; Ana (GTM) <@U0ANA>
A8: 2026-10-02 20:18:41 | B8: Q-0002 | C8: Dev (billing) <@U0DEV> | D8: owner answered | E8: owner_answer: Contract price is right. Stripe reset Meridian to list price in the Jan 3 plan migration; fixed from Feb. Total is right, so no credit note; Jan invoice will be reissued with the correct usage / true-up split.; answered_by: Dev (billing) <@U0DEV>; answered_at: 2026-10-02 20:18:41; decision: Reissue Jan invoice INV-202701-02022: usage $5,834.68 + true-up $6,665.32 = $12,500. Check 6 Jan FLAG explained. Ask billing to check other accounts migrated on Jan 3.; change_type: billing_correction
A9: 2026-10-02 20:18:41 | B9: Q-0002 | C9: Maya (FP&A) <@U0MAYA> | D9: outcome: yes | E9: worked: yes; worked_note: Maya (FP&A) reacted :white_check_mark:; closed_at: 2026-10-02 20:18:41
A10: 2026-10-02 20:18:41 | B10: Q-0003 | C10: Maya (FP&A) <@U0MAYA> | D10: asked | E10: OpenRouter's January statement is 2.6% below our logs. Do we book their number or ours?
A11: 2026-10-02 20:18:41 | B11: Q-0003 | C11: agent | D11: asked Sam (partnerships) | E11: area: gateways; escalation_reason: judgment_call; escalation_question: OpenRouter's Jan statement shows 306.56B tokens vs 314.74B in our logs (-2.6%, $344 gross). Dec and Feb match within 0.01%. Which number do we book for January, and do we dispute the gap?; escalated_to: Sam (partnerships) <@U0SAM>; agent_answer: Jan statement -2.6% vs our logs; Dec and Feb tie.
A12: 2026-10-02 20:18:41 | B12: Q-0003 | C12: Sam (partnerships) <@U0SAM> | D12: owner answered | E12: owner_answer: Book our logs. OpenRouter cuts months at UTC midnight; we close in Pacific time, so ~8 hours of Jan 31 fall into their February.; answered_by: Sam (partnerships) <@U0SAM>; answered_at: 2026-10-02 20:18:41; decision: Book January from our logs ($13,219 gross). Gap explained as a month cut-off difference.; change_type: explanation_only
... A22: 2026-10-02 20:18:41 | B22: Q-0005 | C22: Ana (GTM) <@U0ANA> | D22: outcome: yes | E22: worked: yes; worked_note: Ana (GTM) reacted :white_check_mark:; closed_at: 2026-10-02 20:18:41
